date,phone_number
8/6/20,9812768960
8/3/20,9812768961
8/5/20,9812768962
8/2/20,9812768963
8/6/20,9812768964
8/4/20,9812768965
8/4/20,9812768966
8/7/20,9812768967
8/3/20,9812768968
8/7/20,9812768969
8/3/20,9812768970
8/2/20,9812768971
8/3/20,9812768972
8/6/20,9812768973
8/8/20,9812768974
8/2/20,9812768975
8/6/20,9812768976
8/7/20,9812768977
8/6/20,9812768978
8/6/20,9812768979
8/4/20,9812768980
8/4/20,9812768981
8/8/20,9812768982
8/2/20,9812768983
8/6/20,9812768984
8/5/20,9812768985
8/2/20,9812768986
8/4/20,9812768987
8/4/20,9812768988
8/8/20,9812768989
8/3/20,9812768990
8/4/20,9812768991
8/2/20,9812768992
8/5/20,9812768993
8/5/20,9812768994
8/6/20,9812768995
8/4/20,9812768996
8/3/20,9812768997
8/2/20,9812768998
8/2/20,9812768999
8/3/20,9812769000
8/6/20,9812769001
8/7/20,9812769002
8/8/20,9812769003
8/5/20,9812769004
8/3/20,9812769005
8/4/20,9812769006
8/4/20,9812769007
8/2/20,9812769008
8/8/20,9812769009
8/8/20,9812769010
8/4/20,9812769011
8/7/20,9812769012
8/5/20,9812769013
8/8/20,9812769014
8/5/20,9812769015
8/5/20,9812769016
8/3/20,9812769017
8/4/20,9812769018
8/5/20,9812769019
8/2/20,9812769020
8/3/20,9812769021
8/4/20,9812769022
8/3/20,9812769023
8/7/20,9812769024
8/5/20,9812769025
8/2/20,9812769026
8/5/20,9812769027
8/2/20,9812769028
8/7/20,9812769029
8/8/20,9812769030
8/8/20,9812769031
8/3/20,9812769032
8/5/20,9812769033
8/4/20,9812769034
8/6/20,9812769035
8/6/20,9812769036
8/3/20,9812769037
8/2/20,9812769038
8/8/20,9812769039
8/3/20,9812769040
8/6/20,9812769041
8/8/20,9812769042
8/7/20,9812769043
8/5/20,9812769044
8/8/20,9812769045
8/3/20,9812769046
8/5/20,9812769047
8/2/20,9812769048
8/5/20,9812769049
8/8/20,9812769050
8/2/20,9812769051
8/6/20,9812769052
8/3/20,9812769053
8/6/20,9812769054
8/5/20,9812769055
8/8/20,9812769056
8/7/20,9812769057
8/4/20,9812769058
8/2/20,9812769059