id,title,budget,start_date,end_date
1,Project1,29498,8/31/18,3/13/19
2,Project2,32487,1/27/18,12/13/18
3,Project3,43909,11/5/19,12/9/19
4,Project4,15776,6/28/18,11/20/18
5,Project5,36268,3/13/19,1/2/20
6,Project6,41611,9/18/18,8/28/19
7,Project7,34003,5/28/20,10/1/20
8,Project8,49284,12/18/19,4/18/20
9,Project9,32341,5/24/18,5/11/19
10,Project10,47587,6/24/18,11/19/18
11,Project11,11705,3/6/20,11/3/20
12,Project12,10468,7/7/19,3/15/20
13,Project13,43238,7/4/18,5/18/19
14,Project14,30014,6/1/20,11/17/20
15,Project15,48116,6/8/19,5/12/20
16,Project16,19922,4/26/18,9/24/18
17,Project17,19061,1/30/18,9/29/18
18,Project18,10302,11/3/19,6/7/20
19,Project19,44986,7/3/18,2/5/19
20,Project20,19497,12/10/18,11/4/19
21,Project21,24330,1/7/18,1/1/19
22,Project22,18590,2/22/19,6/5/19
23,Project23,41615,7/12/19,2/12/20
24,Project24,11918,5/22/20,3/2/21
25,Project25,38909,9/7/18,7/26/19
26,Project26,36190,1/23/20,1/3/21
27,Project27,12615,6/29/19,8/17/19
28,Project28,43656,2/2/20,12/5/20
29,Project29,10935,1/19/18,11/1/18
30,Project30,24011,5/19/18,4/21/19
31,Project31,41980,4/7/20,5/7/20
32,Project32,12356,6/8/19,3/25/20
33,Project33,30110,11/27/19,11/25/20
34,Project34,16344,1/13/18,6/26/18
35,Project35,23931,7/3/19,11/13/19
36,Project36,4676,12/3/19,5/22/20
37,Project37,8806,6/28/18,5/14/19
38,Project38,21644,5/11/20,7/22/20
39,Project39,25942,4/4/19,9/12/19
40,Project40,42941,5/26/18,2/8/19
41,Project41,25387,8/21/19,1/14/20
42,Project42,24934,10/14/18,4/5/19
43,Project43,25745,10/28/18,2/26/19
44,Project44,22885,5/4/20,3/2/21
45,Project45,44531,3/26/18,8/2/18
46,Project46,9824,4/3/19,1/27/20
47,Project47,44773,11/3/18,12/10/18
48,Project48,41628,4/19/19,10/15/19
49,Project49,48774,12/2/19,6/27/20
50,Project50,18915,2/14/18,8/6/18
51,Project51,22346,2/3/20,4/12/20